id,text,context,true_label,true_label_binary,has_video,has_audio,text_only_prediction,text_only_pred_binary,text_only_correct,text_only_time,text_only_raw,audio_only_prediction,audio_only_pred_binary,audio_only_correct,audio_only_time,audio_only_raw,video_only_prediction,video_only_pred_binary,video_only_correct,video_only_time,video_only_raw,text_audio_prediction,text_audio_pred_binary,text_audio_correct,text_audio_time,text_audio_raw,text_video_prediction,text_video_pred_binary,text_video_correct,text_video_time,text_video_raw,text_audio_video_prediction,text_audio_video_pred_binary,text_audio_video_correct,text_audio_video_time,text_audio_video_raw
1_4789,"John: I don't know. Somebody bigger and... Yeah, sure. Why not you?","RAJ: Stupid Aquaman. | LEONARD: If it makes you feel any better, when I was dating Penny, she used to flip out on me all the time. | PERSON: Whoa. You dated Penny? | LEONARD: She didn't tell you? | PERSON: She told me she dated a guy named Leonard. | PERSON: Who would have thought it was you? | LEONARD: Who else would it be?",1,1,False,False,SARCASTIC,1,True,0.51,SARCASTIC,,,,0.0,No audio,,,,0.0,No video,,,,0.0,No audio,,,,0.0,No video,,,,0.0,No video
1_2119,"NANCY: Kind of makes you feel more alive, doesn't it?","HOWARD: but wait to be captured or killed. | Nancy: That's the worst part, the waiting. | HOWARD: All the while knowing that there's a paint pellet out there with your name on it. | Nancy: The big wet ball of death.",1,1,False,False,SARCASTIC,1,True,0.81,SARCASTIC,,,,0.0,No audio,,,,0.0,No video,,,,0.0,No audio,,,,0.0,No video,,,,0.0,No video
1_3545,"HOWARD: I understand your point, but given a choice, Jews always go with Chinese food.","HOWARD: There's a 39.95 lover's special at P.F. Chang's. | HOWARD: Egg rolls, dumplings, bottomless wok, and you get your picture taken on the big marble horse out front. | SHELDON: Given that Saint Valentine was a third century Roman priest who was stoned and beheaded, wouldn't a more appropriate celebration of the evening be taking one's steady gal to witness a brutal murder?",1,1,False,False,LITERAL,0,False,0.49,LITERAL,,,,0.0,No audio,,,,0.0,No video,,,,0.0,No audio,,,,0.0,No video,,,,0.0,No video
1_6683,"HOWARD: Yeah, terrific. The other astronauts would love to go hurtling through space with a guy named ""Crash.""","RAJ: Buzz Lightyear is not real. | HOWARD: No, that's not what I'm talking about. | RAJ: Well, are you talking about when he thought he was real? | HOWARD: No | RAJ: Okay, um... how about ""Crash""? 
Howard ""Crash"" Wolowitz.",1,1,True,True,SARCASTIC,1,True,0.46,SARCASTIC,SARCASTIC,1.0,True,1.31,SARCASTIC,SARCASTIC,1.0,True,1.96,SARCASTIC,SARCASTIC,1.0,True,1.63,SARCASTIC,SARCASTIC,1.0,True,2.39,SARCASTIC,SARCASTIC,1.0,True,3.38,SARCASTIC
1_6769,"AMY: Hope your hands are steady. It's the width of a single hair. But this is just biology, so I'm sure it's no problem for a genius like you.","SHELDON: All right. | SHELDON: I'm no stranger to a little gray matter. | SHELDON: Locus coeruleus. | SHELDON: Locus coeruleus. | AMY: You're getting warmer-- it is, indeed, in the brain.",1,1,True,True,SARCASTIC,1,True,0.59,SARCASTIC,SARCASTIC,1.0,True,1.64,SARCASTIC,SARCASTIC,1.0,True,2.13,SARCASTIC,SARCASTIC,1.0,True,1.35,SARCASTIC,SARCASTIC,1.0,True,1.88,SARCASTIC,SARCASTIC,1.0,True,2.07,SARCASTIC
1_7047,"LEONARD: Also instead of just living in your mother's house, you could actually live inside her body.","SHELDON: Wrong. Leonard? | LEONARD: Horse, but mostly just for the height. | LEONARD: A little bit for the genital girth. | SHELDON: Wrong, and let's keep it clean, shall we? | HOWARD: Kangaroo, uh, I'd be Kanga-Jew. | HOWARD: The first of my people to dunk a basketball.",1,1,False,False,SARCASTIC,1,True,0.88,SARCASTIC,,,,0.0,No audio,,,,0.0,No video,,,,0.0,No audio,,,,0.0,No video,,,,0.0,No video
1_1560,SHELDON: How nice. Maybe they can carpool when they visit you in federal prison.,"HOWARD: So my friend Leonard is gonna take you home. | PERSON: Okay. Let's go, friend Leonard. | HOWARD: I'll call ya. | PERSON: So are you a scientist like Howard? | LEONARD: No one's a scientist like Howard. | HOWARD: My mother is so gonna love her.",1,1,False,False,SARCASTIC,1,True,0.98,SARCASTIC,,,,0.0,No audio,,,,0.0,No video,,,,0.0,No audio,,,,0.0,No video,,,,0.0,No video
1_11913,HOWARD: It's why my people wandered the desert for 40 years. Took that long to walk it off.,PENNY: I don't think I've eaten that much in my entire life.,1,1,False,False,SARCASTIC,1,True,0.67,SARCASTIC,,,,0.0,No audio,,,,0.0,No video,,,,0.0,No audio,,,,0.0,No video,,,,0.0,No video
1_6039,BERNADETTE: I don't know what I'm going to do. I don't want to break up over this.,"BERNADETTE: He can't go to space. | BERNADETTE: He's like a baby bird. | BERNADETTE: Do you know he once got an asthma attack from reading an old library book? | AMY: You're kidding. | PENNY: No, I was there that day. | PENNY: Sheldon threw his back out handing him that book.",0,0,True,True,LITERAL,0,True,0.57,LITERAL,SARCASTIC,1.0,False,1.42,SARCASTIC,LITERAL,0.0,True,3.75,LITERAL,LITERAL,0.0,True,1.31,LITERAL,LITERAL,0.0,True,2.32,LITERAL,LITERAL,0.0,True,1.89,LITERAL
1_3476,LEONARD: Don't you think looking for a new city to live in is a bit of an overreaction?,SHELDON: My new computer came with Windows 7. | SHELDON: Windows 7 is much more use r- friendly than Windows Vista. | SHELDON: I don't like that.,0,0,True,True,LITERAL,0,True,0.51,LITERAL,SARCASTIC,1.0,False,1.26,SARCASTIC,SARCASTIC,1.0,False,2.54,SARCASTIC,SARCASTIC,1.0,False,1.84,SARCASTIC,SARCASTIC,1.0,False,3.52,SARCASTIC,SARCASTIC,1.0,False,2.29,SARCASTIC
1_2669,LEONARD: What did you mean when you said you were going to miss me?,"PENNY: What time is it? | LEONARD: It's 7:00 a.m. I'm sorry it's early, but we're leaving soon, and I needed to talk to you.",0,0,True,True,LITERAL,0,True,1.82,LITERAL,LITERAL,0.0,True,1.49,LITERAL,LITERAL,0.0,True,2.37,LITERAL,LITERAL,0.0,True,1.31,LITERAL,LITERAL,0.0,True,2.37,LITERAL,LITERAL,0.0,True,3.86,LITERAL
1_10977,HOWARD: Let's not talk about this in front of our friends.,"BERNADETTE: Like what? Your incomplete set of <i>Star Trek</i> collector plates? | HOWARD: For your information, I just bought the last one I needed on eBay. | BERNADETTE: Without asking me? | HOWARD: There were only three minutes left in the auction and it was a mint condition Scotty from a smoke-free home. | BERNADETTE: How much, Howie? | HOWARD: Not a lot. | BERNADETTE: How much?",0,0,True,True,LITERAL,0,True,1.31,LITERAL,LITERAL,0.0,True,1.6,LITERAL,LITERAL,0.0,True,3.05,LITERAL,LITERAL,0.0,True,1.63,LITERAL,LITERAL,0.0,True,2.66,LITERAL,LITERAL,0.0,True,2.35,LITERAL
1_533,"LEONARD: Technically, yes. But, if you'll notice... It's reversible!","LEONARD: Because it's not a costume, it's a flight suit. | PENNY: Ok, alright, moving on. | PENNY: Oh, wow. A paisley shirt. | LEONARD: It goes with my corduroy suit. | PENNY: If you mean it should end up in the same place, then I agree. | PENNY: Is this your only tie?",0,0,True,True,LITERAL,0,True,0.59,LITERAL,SARCASTIC,1.0,False,1.54,SARCASTIC,LITERAL,0.0,True,3.9,LITERAL,LITERAL,0.0,True,1.37,LITERAL,LITERAL,0.0,True,2.14,LITERAL,LITERAL,0.0,True,2.3,LITERAL
1_5169,AMY: I'm not saying that you're not fun. You're the most fun person I know.,"AMY: Your flaring nostrils indicate otherwise. | SHELDON: Cluck-cluck-cluck. | AMY: Sheldon, look at me.
I think it's time to face the fact that Leonard is the nucleus of your social group.
Where he goes, the group goes. | SHELDON: Leonard the nucleus? That makes no sense. | SHELDON: I'm the whimsical elf that everyone looks to for a good time.",0,0,True,True,SARCASTIC,1,False,0.45,SARCASTIC,LITERAL,0.0,True,1.52,LITERAL,LITERAL,0.0,True,3.82,LITERAL,,,,0.0,"429 RESOURCE_EXHAUSTED. {'error': {'code': 429, 'message': 'Resource exhausted. Please try again later. Please refer to https://cloud.google.com/vertex-ai/generative-ai/docs/error-code-429 for more de",SARCASTIC,1.0,False,2.28,SARCASTIC,SARCASTIC,1.0,False,1.82,SARCASTIC
2_498,"CHANDLER: Uh, so how many cameras are actually on you.","PERSON1: Where's Monica? | MONICA: Over here Dad | PERSON2: How to you zoom out? There she is | JOEY: Some girl ate Monica | MONICA: Shut up, the camera adds 10 pounds.",1,1,True,True,SARCASTIC,1,True,0.59,SARCASTIC,SARCASTIC,1.0,True,1.36,SARCASTIC,SARCASTIC,1.0,True,4.09,SARCASTIC,SARCASTIC,1.0,True,1.32,SARCASTIC,SARCASTIC,1.0,True,3.52,SARCASTIC,SARCASTIC,1.0,True,2.57,SARCASTIC
2_377,CHANDLER: Yeah either that or gloria estefan was right eventually the rhythm is going to get you,"JOEY: Oh Mommy, Oh Daddy, I am a big ol Baddy. | ROSS: I guess he must have gotten the part in the play.",1,1,True,True,SARCASTIC,1,True,0.52,SARCASTIC,SARCASTIC,1.0,True,1.46,SARCASTIC,LITERAL,0.0,False,2.89,LITERAL,SARCASTIC,1.0,True,1.58,SARCASTIC,SARCASTIC,1.0,True,2.06,SARCASTIC,SARCASTIC,1.0,True,1.78,SARCASTIC
2_84,"CHANDLER: If that doesn't keep kids in school, what will?","RACHEL: Two week straight and she hasn't smoked since. | MONICA: So how did you guys meet? | PERSON1: Oh I was in Mrs. Knight's oh I mean Alice, I was in her Home ED class. | PERSON2: And he was my best student. | PERSON1: Yes she was my best teacher.",1,1,True,True,SARCASTIC,1,True,0.51,SARCASTIC,SARCASTIC,1.0,True,1.36,SARCASTIC,LITERAL,0.0,False,2.56,LITERAL,SARCASTIC,1.0,True,1.42,SARCASTIC,SARCASTIC,1.0,True,2.29,SARCASTIC,SARCASTIC,1.0,True,1.99,SARCASTIC
2_204,"CHANDLER: Oh Oh, I am convinced!","RACHEL: What if you could keep the apartment and get the tickets. | JOEY: Done | RACHEL: Let me finish, talking about a bet, winner takes all | JOEY: We could end up with nothing. | PHOEBE: Or you could end up with everything | JOEY: I like that! | MONICA: So what do you say? | CHANDLER: No | MONICA: Just do it!",1,1,True,True,SARCASTIC,1,True,0.77,SARCASTIC,SARCASTIC,1.0,True,1.53,SARCASTIC,SARCASTIC,1.0,True,2.33,SARCASTIC,SARCASTIC,1.0,True,2.6,SARCASTIC,SARCASTIC,1.0,True,3.23,SARCASTIC,SARCASTIC,1.0,True,2.16,SARCASTIC
2_310,CHANDLER: Well thank God your livelihood doesn't depend on it.,"CHANDLER: Hey, I need you to set me up for a joke. Later when Monica is around I need you to ask me about firetrucks | JOEY: I don't know Chandler, I am not so good with remembering lines.",1,1,True,True,SARCASTIC,1,True,1.05,SARCASTIC,SARCASTIC,1.0,True,1.56,SARCASTIC,SARCASTIC,1.0,True,2.68,SARCASTIC,SARCASTIC,1.0,True,1.74,SARCASTIC,SARCASTIC,1.0,True,2.67,SARCASTIC,SARCASTIC,1.0,True,2.63,SARCASTIC
2_518,CHANDLER: Oh tons. I am quite the woodsman.,"CHANDLER: Okay, lets find these birds. | JOEY: Wait wait, you hear that? There are in the table? | CHANDLER: That can't be good | JOEY: We have to get them out of there | CHANDLER: how? | JOEY: Maybe we can lure them out, you know of any bird calls?",1,1,True,True,SARCASTIC,1,True,0.52,SARCASTIC,SARCASTIC,1.0,True,1.42,SARCASTIC,SARCASTIC,1.0,True,3.03,SARCASTIC,SARCASTIC,1.0,True,1.38,SARCASTIC,SARCASTIC,1.0,True,2.43,SARCASTIC,SARCASTIC,1.0,True,2.01,SARCASTIC
2_573,"CHANDLER: Oh I see, I thought you just really really liked your new couch.","ROSS: Look I drew a sketch of how we are gonna do it ok? Rach, that's you, that's the couch | RACHEL: What's that? | ROSS: Oh, that's me. | RACHEL: Wow! Certainly think a lot of yourself. | ROSS: No, that's my arm.",1,1,True,True,SARCASTIC,1,True,3.47,SARCASTIC,SARCASTIC,1.0,True,1.3,SARCASTIC,LITERAL,0.0,False,2.87,LITERAL,SARCASTIC,1.0,True,1.51,SARCASTIC,SARCASTIC,1.0,True,2.45,SARCASTIC,SARCASTIC,1.0,True,2.54,SARCASTIC
2_246,"CHANDLER: Well, it will probably slow me down at first. But once I am used to the extra weight, I ll get back on track.","JOEY: Oh no no, that's the beauty of it, it goes with everything. You put this on, you are good to go! | CHANDLER: Hell I have never been good to go, so, what the hell why not try some jewellery huh? | JOEY: Oh man! You are so wearing that bracelet! | CHANDLER: I so am | JOEY: You have any idea what this will do to your sex life?",1,1,True,True,SARCASTIC,1,True,1.65,SARCASTIC,SARCASTIC,1.0,True,15.55,SARCASTIC,SARCASTIC,1.0,True,3.95,SARCASTIC,SARCASTIC,1.0,True,1.37,SARCASTIC,SARCASTIC,1.0,True,2.51,SARCASTIC,SARCASTIC,1.0,True,2.33,SARCASTIC
2_441,"ROSS: He's right, even if it's to say something complementary.","ROSS: Oh. | PHOEBE: Please, right now, no, every time I see him it's like  'Is it on the lose?'  'Is it watching me?' | CHANDLER: We can't tell him, you can't go up to a guy you barely know and talk about his.... stuff.",0,0,True,True,LITERAL,0,True,0.48,LITERAL,LITERAL,0.0,True,1.5,LITERAL,LITERAL,0.0,True,3.02,LITERAL,LITERAL,0.0,True,1.25,LITERAL,LITERAL,0.0,True,2.71,LITERAL,LITERAL,0.0,True,2.87,LITERAL
2_53,RACHEL: You're gonna have to tell me how you did that.,"PERSON: Oh good, you're here. Yeah, and I was worried that it was going to be uncomfortable. | RACHEL: I know Mona, just hear me out. First of all, I'm so sorry about my father yelling at you, but I heard you totally held your own.",0,0,True,True,LITERAL,0,True,1.23,LITERAL,LITERAL,0.0,True,1.48,LITERAL,LITERAL,0.0,True,2.23,LITERAL,LITERAL,0.0,True,1.57,LITERAL,LITERAL,0.0,True,1.66,LITERAL,LITERAL,0.0,True,2.15,LITERAL
2_419,PHOEBE: Uh-huh!,"JOEY: Look, Pheebs, I just, I wanna apologize for, for saying that your method was stupid and-and maybe ask you to be my teacher again. And-and I promise, I won't touch a guitar until you say I'm ready. You really think I'm ready?",0,0,True,True,LITERAL,0,True,0.47,LITERAL,LITERAL,0.0,True,1.77,LITERAL,LITERAL,0.0,True,2.48,LITERAL,LITERAL,0.0,True,1.6,LITERAL,LITERAL,0.0,True,1.99,LITERAL,LITERAL,0.0,True,2.36,LITERAL
2_188,MONICA: You had no relationship!!,"RACHEL: I just saw Danny getting on the subway with a girl and he had his arm around her. | MONICA: Oh, honey, I'm sorry. | RACHEL: Well, you should be, this is all your fault! You meddled in our relationship!!",0,0,True,True,LITERAL,0,True,0.44,LITERAL,LITERAL,0.0,True,1.42,LITERAL,LITERAL,0.0,True,2.62,LITERAL,LITERAL,0.0,True,1.26,LITERAL,LITERAL,0.0,True,1.86,LITERAL,LITERAL,0.0,True,2.07,LITERAL
2_426,"JOEY: Are you kidding? I love that guy!  Morning's here! Morning is here,",PERSON: HEY!! Do you Oh come on! Morning's here!  Morning's here! The morning is here! Sunshine is here! RACHEL:I hate this apartment,0,0,True,True,SARCASTIC,1,False,0.68,SARCASTIC,LITERAL,0.0,True,1.32,LITERAL,LITERAL,0.0,True,2.45,LITERAL,SARCASTIC,1.0,False,2.17,SARCASTIC,SARCASTIC,1.0,False,2.38,SARCASTIC,SARCASTIC,1.0,False,2.95,SARCASTIC
2_13,"RACHEL: All right, let's do it.","MONICA: Rachel, I have not missed one question the whole game. I own this game! Look at my hand. | RACHEL: Why? Do you have the answers written on there? | MONICA: No! Steady as a rock! Now, are you with me.",0,0,True,True,LITERAL,0,True,0.44,LITERAL,LITERAL,0.0,True,1.2,LITERAL,LITERAL,0.0,True,3.11,LITERAL,LITERAL,0.0,True,1.49,LITERAL,LITERAL,0.0,True,2.55,LITERAL,LITERAL,0.0,True,2.22,LITERAL
